hocki,tenlopsinhvien,mahocphan
1,Việt Nhật B K58,IT2110
1,Việt Nhật B K58,IT2120
1,Việt Nhật B K58,JP1110
1,Việt Nhật B K58,MI1012
1,Việt Nhật B K58,PH1017
2,Việt Nhật B K58,IT3210
2,Việt Nhật B K58,IT3220
2,Việt Nhật B K58,JP1120
2,Việt Nhật B K58,MI1022
2,Việt Nhật B K58,PH1027
3,Việt Nhật B K58,ET2011
3,Việt Nhật B K58,IT3230
3,Việt Nhật B K58,IT3250
3,Việt Nhật B K58,IT3312
3,Việt Nhật B K58,IT4592
3,Việt Nhật B K58,JP1131
3,Việt Nhật B K58,MI1032
4,Việt Nhật B K58,EE2010
4,Việt Nhật B K58,IT3022
4,Việt Nhật B K58,IT3072
4,Việt Nhật B K58,IT3082
4,Việt Nhật B K58,IT3240
4,Việt Nhật B K58,IT4082
4,Việt Nhật B K58,JP2110
4,Việt Nhật B K58,MI1042
4,Việt Nhật B K58,MI2027
5,Việt Nhật B K58,SSH1110
5,Việt Nhật B K58,CH1010
5,Việt Nhật B K58,FL3115
5,Việt Nhật B K58,IT3260
5,Việt Nhật B K58,IT3270
5,Việt Nhật B K58,IT3290
5,Việt Nhật B K58,IT3292
5,Việt Nhật B K58,JP2121
6,Việt Nhật B K58,SSH1120
6,Việt Nhật B K58,SSH1170
6,Việt Nhật B K58,IT3102
6,Việt Nhật B K58,IT3280
6,Việt Nhật B K58,IT3282
6,Việt Nhật B K58,IT3322
6,Việt Nhật B K58,IT4182
6,Việt Nhật B K58,JP2131
7,Việt Nhật B K58,SSH1130
7,Việt Nhật B K58,JP2210
7,Việt Nhật B K58,JP3110
7,Việt Nhật B K58,IT3402
7,Việt Nhật B K58,IT4062
7,Việt Nhật B K58,IT4552
7,Việt Nhật B K58,IT4012
7,Việt Nhật B K58,IT4272
7,Việt Nhật B K58,IT4944
7,Việt Nhật B K58,IT4312
7,Việt Nhật B K58,IT4492
7,Việt Nhật B K58,IT4945
8,Việt Nhật B K58,SSH1050
8,Việt Nhật B K58,JP2220
8,Việt Nhật B K58,JP3120
8,Việt Nhật B K58,IT4948
8,Việt Nhật B K58,IT5021
8,Việt Nhật B K58,IT4612
8,Việt Nhật B K58,IT4682
8,Việt Nhật B K58,IT4946
8,Việt Nhật B K58,IT4042
8,Việt Nhật B K58,IT4442
8,Việt Nhật B K58,IT4947
9,Việt Nhật B K58,JP3130
9,Việt Nhật B K58,IT4652
9,Việt Nhật B K58,IT5022
9,Việt Nhật B K58,IT4132
9,Việt Nhật B K58,IT4152
9,Việt Nhật B K58,IT4262
9,Việt Nhật B K58,IT4212
9,Việt Nhật B K58,IT4362
9,Việt Nhật B K58,IT4542
10,Việt Nhật B K58,IT5030
10,Việt Nhật B K58,IT5120
